UserID,name,news
1,Paola,"Aqui estão algumas opções para Paola, com foco em concisão e impacto:

1.  **Paola, invista no seu futuro! Faça seu dinheiro crescer e realize seus sonhos.** (79 caracteres)
2.  **Paola, seu dinheiro pode muito mais! Invista e conquiste seus objetivos.** (70 caracteres)
3.  **Paola, dê poder ao seu dinheiro! Invista e transforme seus planos em realidade.** (79 caracteres)"
2,João,"João, seu futuro merece mais! Invista e veja seu dinheiro crescer. (66 caracteres)"
3,Eduardo,"**Eduardo, seu futuro agradece! Invista e faça seu dinheiro trabalhar por você.** (73 caracteres)"
4,Marcela,"Marcela, faça seu dinheiro render! Invista hoje e construa o futuro dos seus sonhos."
5,Bruno,"Claro, Bruno! Aqui estão algumas opções:

1.  **Bruno, invista! Faça seu dinheiro trabalhar por você e construa o futuro que deseja.** (79 caracteres)
2.  **Bruno, não deixe seu dinheiro parado! Invista e veja seu patrimônio crescer para realizar sonhos.** (94 caracteres)
3.  **Bruno, o futuro começa hoje! Invista e transforme seus sonhos em realidade. Seu dinheiro merece mais!** (92 caracteres)"
